id,name,model_id/id,group_id/id,perm_read,perm_write,perm_create,perm_unlink
access_time_based_price_manager,access.time.based.price.manager,model_time_based_price,sales_team.group_sale_manager,1,1,1,1
access_time_based_price_user,access.time.based.price.user,model_time_based_price,sales_team.group_sale_salesman,1,1,1,0
access_subscription_order_manager,access.subscription.order.manager,model_subscription_order,sales_team.group_sale_manager,1,1,1,1
access_subscription_order_user,access.subscription.order.user,model_subscription_order,sales_team.group_sale_salesman,1,1,1,0
access_subscription_order_line_manager,access.subscription.order.line.manager,model_subscription_order_line,sales_team.group_sale_manager,1,1,1,1
access_subscription_order_line_user,access.subscription.order.line.user,model_subscription_order_line,sales_team.group_sale_salesman,1,1,1,0
access_subscription_report_manager,access.subscription.report.manager,model_subscription_report,sales_team.group_sale_manager,1,1,1,1
access_subscription_report_user,access.subscription.report.user,model_subscription_report,sales_team.group_sale_salesman,1,1,1,0
access_subscription_order_close_reason_manager,access.subscription.order.close.reason.manager,model_subscription_order_close_reason,sales_team.group_sale_manager,1,1,1,1
access_subscription_order_close_reason_user,access.subscription.order.close.reason.user,model_subscription_order_close_reason,sales_team.group_sale_salesman,1,1,1,0
access_subscription_close_manager,access.subscription.close.manager,model_subscription_close,sales_team.group_sale_manager,1,1,1,1
access_subscription_close_user,access.subscription.close.user,model_subscription_close,sales_team.group_sale_salesman,1,1,1,0
access_subscription_pricing_manager,access.subscription.pricing.manager,model_subscription_pricing,sales_team.group_sale_manager,1,1,1,1
access_subscription_pricing_user,access.subscription.pricing.user,model_subscription_pricing,sales_team.group_sale_salesman,1,1,1,0
access_subscription_trial_history_manager,access.subscription.trial.history.manager,model_subscription_trial_history,sales_team.group_sale_manager,1,1,1,1
access_subscription_trial_history_user,access.subscription.trial.history.user,model_subscription_trial_history,sales_team.group_sale_salesman,1,1,1,0
