id,name,model_id:id,group_id:id,perm_read,perm_write,perm_create,perm_unlink
access_consolidation_chart_manager,access.consolidation.chart.manager,model_consolidation_chart,account.group_account_manager,1,1,1,1
access_consolidation_account_manager,access.consolidation.account.manager,model_consolidation_account,account.group_account_manager,1,1,1,1
access_consolidation_group_manager,access.consolidation.group.manager,model_consolidation_group,account.group_account_manager,1,1,1,1
access_consolidation_period_manager,access.consolidation.period.manager,model_consolidation_period,account.group_account_manager,1,1,1,1
access_consolidation_company_period_manager,access.consolidation.company.period.manager,model_consolidation_company_period,account.group_account_manager,1,1,1,1
access_consolidation_journal_manager,access.consolidation.journal.manager,model_consolidation_journal,account.group_account_manager,1,1,1,1
access_consolidation_journal_line_manager,access.consolidation.journal.line.manager,model_consolidation_journal_line,account.group_account_manager,1,1,1,1
access_consolidation_chart_invoice,access.consolidation.chart.invoice,model_consolidation_chart,account.group_account_invoice,1,1,1,1
access_consolidation_account_invoice,access.consolidation.account.invoice,model_consolidation_account,account.group_account_invoice,1,1,1,1
access_consolidation_group_invoice,access.consolidation.group.invoice,model_consolidation_group,account.group_account_invoice,1,1,1,1
access_consolidation_period_invoice,access.consolidation.period.invoice,model_consolidation_period,account.group_account_invoice,1,1,1,1
access_consolidation_company_period_invoice,access.consolidation.company.period.invoice,model_consolidation_company_period,account.group_account_invoice,1,1,1,1
access_consolidation_journal_invoice,access.consolidation.journal.invoice,model_consolidation_journal,account.group_account_invoice,1,1,1,1
access_consolidation_journal_line_invoice,access.consolidation.journal.line.invoice,model_consolidation_journal_line,account.group_account_invoice,1,1,1,1
access_consolidation_chart_readonly,access.consolidation.chart.readonly,model_consolidation_chart,account.group_account_readonly,1,0,0,0
access_consolidation_account_readonly,access.consolidation.account.readonly,model_consolidation_account,account.group_account_readonly,1,0,0,0
access_consolidation_group_readonly,access.consolidation.group.readonly,model_consolidation_group,account.group_account_readonly,1,0,0,0
access_consolidation_period_readonly,access.consolidation.period.readonly,model_consolidation_period,account.group_account_readonly,1,0,0,0
access_consolidation_company_period_readonly,access.consolidation.company.period.readonly,model_consolidation_company_period,account.group_account_readonly,1,0,0,0
access_consolidation_journal_readonly,access.consolidation.journal.readonly,model_consolidation_journal,account.group_account_readonly,1,0,0,0
access_consolidation_journal_line_readonly,access.consolidation.journal.line.readonly,model_consolidation_journal_line,account.group_account_readonly,1,0,0,0
